OrgID,FisYear,CDFlag,overall_score,econ_score,envrn_score,lenvrnmntl,corpgov_score,social_score,feeddate,fyenddate,Asset4Id,OrgName,BusTRBCId,PrimExchg,StatusFlag,OAId,tick,Cusip,Sedol,Isin
10397,2007,40000000000,0.91129713,0.97476772,0.95064958,,0.41540181,0.93463482,11/15/2020,12/31/2007,A4_01127,Bayerische Motoren Werke AG,5310,ETR,1,4295869227,BAYER,,575602,DE0005190003
10397,2008,40000000000,0.93125944,0.82355315,0.94356555,,0.64608784,0.96188711,11/15/2020,12/31/2008,A4_01127,Bayerische Motoren Werke AG,5310,ETR,1,4295869227,BAYER,,575602,DE0005190003
10397,2015,40000000000,0.91564735,0.88715418,0.95116954,,0.60299455,0.95648185,11/15/2020,12/31/2015,A4_01127,Bayerische Motoren Werke AG,5310,ETR,1,4295869227,BAYER,,575602,DE0005190003
10397,2016,40000000000,0.93524981,0.93882618,0.95378622,,0.72601699,0.91590371,11/15/2020,12/31/2016,A4_01127,Bayerische Motoren Werke AG,5310,ETR,1,4295869227,BAYER,,575602,DE0005190003
10397,2014,40000000000,0.94071706,0.9409306,0.94771854,,0.74369571,0.88804392,11/15/2020,12/31/2014,A4_01127,Bayerische Motoren Werke AG,5310,ETR,1,4295869227,BAYER,,575602,DE0005190003
10397,2009,40000000000,0.93373015,0.90677059,0.92117323,,0.64238242,0.95318171,11/15/2020,12/31/2009,A4_01127,Bayerische Motoren Werke AG,5310,ETR,1,4295869227,BAYER,,575602,DE0005190003
10397,2020,40000000000,0.93094786,0.75691623,,,0.73282352,0.80791786,11/15/2020,,A4_01127,Bayerische Motoren Werke AG,5310,ETR,1,4295869227,BAYER,,575602,DE0005190003
10397,2011,40000000000,0.93237355,0.92775361,0.94774925,,0.6547873,0.94427584,11/15/2020,12/31/2011,A4_01127,Bayerische Motoren Werke AG,5310,ETR,1,4295869227,BAYER,,575602,DE0005190003
10397,2017,40000000000,0.94915851,0.92439511,0.95233115,,0.8657403,0.92426683,11/15/2020,12/31/2017,A4_01127,Bayerische Motoren Werke AG,5310,ETR,1,4295869227,BAYER,,575602,DE0005190003
10397,2010,40000000000,0.90140919,0.81464273,0.95145613,,0.52379571,0.9587284,11/15/2020,12/31/2010,A4_01127,Bayerische Motoren Werke AG,5310,ETR,1,4295869227,BAYER,,575602,DE0005190003
10397,2019,40000000000,0.92921396,0.77293523,0.94239343,,0.69940286,0.81577813,11/15/2020,12/31/2019,A4_01127,Bayerische Motoren Werke AG,5310,ETR,1,4295869227,BAYER,,575602,DE0005190003
10397,2005,40000000000,0.82013916,0.62603369,0.94949939,,0.27050977,0.94721232,11/15/2020,12/31/2005,A4_01127,Bayerische Motoren Werke AG,5310,ETR,1,4295869227,BAYER,,575602,DE0005190003
10397,2006,40000000000,0.86642611,0.76977287,0.96796642,,0.2667871,0.98922184,11/15/2020,12/31/2006,A4_01127,Bayerische Motoren Werke AG,5310,ETR,1,4295869227,BAYER,,575602,DE0005190003
10397,2018,40000000000,0.91791462,0.77202068,0.95367853,,0.66038186,0.88651219,11/15/2020,12/31/2018,A4_01127,Bayerische Motoren Werke AG,5310,ETR,1,4295869227,BAYER,,575602,DE0005190003
10397,2012,40000000000,0.9223097,0.90928876,0.94394874,,0.68708465,0.85620439,11/15/2020,12/31/2012,A4_01127,Bayerische Motoren Werke AG,5310,ETR,1,4295869227,BAYER,,575602,DE0005190003
10397,2013,40000000000,0.93468275,0.96467385,0.94557367,,0.66125653,0.89028319,11/15/2020,12/31/2013,A4_01127,Bayerische Motoren Werke AG,5310,ETR,1,4295869227,BAYER,,575602,DE0005190003
11238,2016,40000000000,0.96561515,0.96735914,0.93552296,,0.97998239,0.96224167,11/15/2020,12/31/2016,A4_00260,BNP Paribas SA,5510,EPA,1,8589934326,BNPQ,F1058Q23,B01DCX,FR0000131104
11238,2014,40000000000,0.9357135,0.65333072,0.92334064,,0.95157409,0.95236725,11/15/2020,12/31/2014,A4_00260,BNP Paribas SA,5510,EPA,1,8589934326,BNPQ,F1058Q23,B01DCX,FR0000131104
11238,2013,40000000000,0.96857265,0.97572037,0.91907951,,0.93601554,0.96659194,11/15/2020,12/31/2013,A4_00260,BNP Paribas SA,5510,EPA,1,8589934326,BNPQ,F1058Q23,B01DCX,FR0000131104
11238,2008,40000000000,0.96854553,0.89786439,0.93640374,,0.93138494,0.95499552,11/15/2020,12/31/2008,A4_00260,BNP Paribas SA,5510,EPA,1,8589934326,BNPQ,F1058Q23,B01DCX,FR0000131104
11238,2015,40000000000,0.9566039,0.87252125,0.93682626,,0.97735763,0.95262606,11/15/2020,12/31/2015,A4_00260,BNP Paribas SA,5510,EPA,1,8589934326,BNPQ,F1058Q23,B01DCX,FR0000131104
11238,2012,40000000000,0.96143625,0.91513724,0.91463242,,0.94247493,0.96341209,11/15/2020,12/31/2012,A4_00260,BNP Paribas SA,5510,EPA,1,8589934326,BNPQ,F1058Q23,B01DCX,FR0000131104
11238,2009,40000000000,0.95470088,0.85151328,0.94413787,,0.84012,0.96595655,11/15/2020,12/31/2009,A4_00260,BNP Paribas SA,5510,EPA,1,8589934326,BNPQ,F1058Q23,B01DCX,FR0000131104
11238,2007,40000000000,0.95764758,0.86051854,0.91418355,,0.88198422,0.97054074,11/15/2020,12/31/2007,A4_00260,BNP Paribas SA,5510,EPA,1,8589934326,BNPQ,F1058Q23,B01DCX,FR0000131104
11238,2005,40000000000,0.92297478,0.79124445,0.78231969,,0.68471955,0.99171766,11/15/2020,12/31/2005,A4_00260,BNP Paribas SA,5510,EPA,1,8589934326,BNPQ,F1058Q23,B01DCX,FR0000131104
11238,2020,40000000000,0.98675593,0.9444413,,,0.98409329,0.97168052,11/15/2020,,A4_00260,BNP Paribas SA,5510,EPA,1,8589934326,BNPQ,F1058Q23,B01DCX,FR0000131104
11238,2011,40000000000,0.96038694,0.95186176,0.92786097,,0.94814833,0.90472814,11/15/2020,12/31/2011,A4_00260,BNP Paribas SA,5510,EPA,1,8589934326,BNPQ,F1058Q23,B01DCX,FR0000131104
11238,2018,40000000000,0.95904733,0.71737719,0.95397141,,0.97904649,0.94201434,11/15/2020,12/31/2018,A4_00260,BNP Paribas SA,5510,EPA,1,8589934326,BNPQ,F1058Q23,B01DCX,FR0000131104
11238,2006,40000000000,0.98109503,0.98459981,0.95641666,,0.94677709,0.98924282,11/15/2020,12/31/2006,A4_00260,BNP Paribas SA,5510,EPA,1,8589934326,BNPQ,F1058Q23,B01DCX,FR0000131104
11238,2002,40000000000,0.91686458,0.96883023,0.81705817,,0.42198059,0.96611775,11/8/2020,12/31/2002,A4_00260,BNP Paribas SA,5510,EPA,1,8589934326,BNPQ,F1058Q23,B01DCX,FR0000131104
11238,2019,40000000000,0.98613811,0.94786418,,,0.9670828,0.97104396,11/15/2020,,A4_00260,BNP Paribas SA,5510,EPA,1,8589934326,BNPQ,F1058Q23,B01DCX,FR0000131104
11238,2003,40000000000,0.93272796,0.91971368,0.73449668,,0.71620278,0.89894123,11/8/2020,12/31/2003,A4_00260,BNP Paribas SA,5510,EPA,1,8589934326,BNPQ,F1058Q23,B01DCX,FR0000131104
11238,2010,40000000000,0.96693544,0.97410446,0.93568947,,0.92130081,0.94899558,11/15/2020,12/31/2010,A4_00260,BNP Paribas SA,5510,EPA,1,8589934326,BNPQ,F1058Q23,B01DCX,FR0000131104
11238,2004,40000000000,0.85037648,0.8346955,0.4540478,,0.65799662,0.95605973,11/15/2020,12/31/2004,A4_00260,BNP Paribas SA,5510,EPA,1,8589934326,BNPQ,F1058Q23,B01DCX,FR0000131104
11238,2017,40000000000,0.9620783,0.94100644,0.94135733,,0.97898351,0.94817003,11/15/2020,12/31/2017,A4_00260,BNP Paribas SA,5510,EPA,1,8589934326,BNPQ,F1058Q23,B01DCX,FR0000131104
11238,2016,40000000000,0.96561515,0.96735914,0.93552296,,0.97998239,0.96224167,11/15/2020,12/31/2016,A4_00260,BNP Paribas SA,5510,EPA,1,8589934326,BNPPA,,730968,FR0000131104
11238,2014,40000000000,0.9357135,0.65333072,0.92334064,,0.95157409,0.95236725,11/15/2020,12/31/2014,A4_00260,BNP Paribas SA,5510,EPA,1,8589934326,BNPPA,,730968,FR0000131104
11238,2013,40000000000,0.96857265,0.97572037,0.91907951,,0.93601554,0.96659194,11/15/2020,12/31/2013,A4_00260,BNP Paribas SA,5510,EPA,1,8589934326,BNPPA,,730968,FR0000131104
11238,2008,40000000000,0.96854553,0.89786439,0.93640374,,0.93138494,0.95499552,11/15/2020,12/31/2008,A4_00260,BNP Paribas SA,5510,EPA,1,8589934326,BNPPA,,730968,FR0000131104
11238,2015,40000000000,0.9566039,0.87252125,0.93682626,,0.97735763,0.95262606,11/15/2020,12/31/2015,A4_00260,BNP Paribas SA,5510,EPA,1,8589934326,BNPPA,,730968,FR0000131104
11238,2012,40000000000,0.96143625,0.91513724,0.91463242,,0.94247493,0.96341209,11/15/2020,12/31/2012,A4_00260,BNP Paribas SA,5510,EPA,1,8589934326,BNPPA,,730968,FR0000131104
11238,2009,40000000000,0.95470088,0.85151328,0.94413787,,0.84012,0.96595655,11/15/2020,12/31/2009,A4_00260,BNP Paribas SA,5510,EPA,1,8589934326,BNPPA,,730968,FR0000131104
11238,2007,40000000000,0.95764758,0.86051854,0.91418355,,0.88198422,0.97054074,11/15/2020,12/31/2007,A4_00260,BNP Paribas SA,5510,EPA,1,8589934326,BNPPA,,730968,FR0000131104
11238,2005,40000000000,0.92297478,0.79124445,0.78231969,,0.68471955,0.99171766,11/15/2020,12/31/2005,A4_00260,BNP Paribas SA,5510,EPA,1,8589934326,BNPPA,,730968,FR0000131104
11238,2020,40000000000,0.98675593,0.9444413,,,0.98409329,0.97168052,11/15/2020,,A4_00260,BNP Paribas SA,5510,EPA,1,8589934326,BNPPA,,730968,FR0000131104
11238,2011,40000000000,0.96038694,0.95186176,0.92786097,,0.94814833,0.90472814,11/15/2020,12/31/2011,A4_00260,BNP Paribas SA,5510,EPA,1,8589934326,BNPPA,,730968,FR0000131104
11238,2018,40000000000,0.95904733,0.71737719,0.95397141,,0.97904649,0.94201434,11/15/2020,12/31/2018,A4_00260,BNP Paribas SA,5510,EPA,1,8589934326,BNPPA,,730968,FR0000131104
11238,2006,40000000000,0.98109503,0.98459981,0.95641666,,0.94677709,0.98924282,11/15/2020,12/31/2006,A4_00260,BNP Paribas SA,5510,EPA,1,8589934326,BNPPA,,730968,FR0000131104
11238,2002,40000000000,0.91686458,0.96883023,0.81705817,,0.42198059,0.96611775,11/8/2020,12/31/2002,A4_00260,BNP Paribas SA,5510,EPA,1,8589934326,BNPPA,,730968,FR0000131104
11238,2019,40000000000,0.98613811,0.94786418,,,0.9670828,0.97104396,11/15/2020,,A4_00260,BNP Paribas SA,5510,EPA,1,8589934326,BNPPA,,730968,FR0000131104
11238,2003,40000000000,0.93272796,0.91971368,0.73449668,,0.71620278,0.89894123,11/8/2020,12/31/2003,A4_00260,BNP Paribas SA,5510,EPA,1,8589934326,BNPPA,,730968,FR0000131104
11238,2010,40000000000,0.96693544,0.97410446,0.93568947,,0.92130081,0.94899558,11/15/2020,12/31/2010,A4_00260,BNP Paribas SA,5510,EPA,1,8589934326,BNPPA,,730968,FR0000131104
11238,2004,40000000000,0.85037648,0.8346955,0.4540478,,0.65799662,0.95605973,11/15/2020,12/31/2004,A4_00260,BNP Paribas SA,5510,EPA,1,8589934326,BNPPA,,730968,FR0000131104
11238,2017,40000000000,0.9620783,0.94100644,0.94135733,,0.97898351,0.94817003,11/15/2020,12/31/2017,A4_00260,BNP Paribas SA,5510,EPA,1,8589934326,BNPPA,,730968,FR0000131104
12434,2020,40000000000,0.90908377,0.62153528,,,0.81849344,0.75171099,11/15/2020,,A4_00061,BP PLC,5010,LON,1,4295894740,BPORD,,79805,GB0007980591
12434,2009,40000000000,0.96561248,0.94982832,0.91388953,,0.9220915,0.93686529,11/15/2020,12/31/2009,A4_00061,BP PLC,5010,LON,1,4295894740,BPORD,,79805,GB0007980591
12434,2018,40000000000,0.96302813,0.90658282,0.90293806,,0.90521512,0.92100458,11/15/2020,12/31/2018,A4_00061,BP PLC,5010,LON,1,4295894740,BPORD,,79805,GB0007980591
12434,2015,40000000000,0.94873908,0.92990347,0.93087824,,0.84792686,0.94953647,11/15/2020,12/31/2015,A4_00061,BP PLC,5010,LON,1,4295894740,BPORD,,79805,GB0007980591
12434,2016,40000000000,0.93771002,0.91132321,0.935697,,0.82922502,0.87848006,11/15/2020,12/31/2016,A4_00061,BP PLC,5010,LON,1,4295894740,BPORD,,79805,GB0007980591
12434,2014,40000000000,0.9505909,0.89641653,0.93463896,,0.9051493,0.87114785,11/15/2020,12/31/2014,A4_00061,BP PLC,5010,LON,1,4295894740,BPORD,,79805,GB0007980591
12434,2019,40000000000,0.90446032,0.5972947,0.92338164,,0.81665429,0.75719864,11/15/2020,12/31/2019,A4_00061,BP PLC,5010,LON,1,4295894740,BPORD,,79805,GB0007980591
12434,2017,40000000000,0.9474954,0.8956219,0.94663715,,0.8842858,0.92400276,11/15/2020,12/31/2017,A4_00061,BP PLC,5010,LON,1,4295894740,BPORD,,79805,GB0007980591
12434,2011,40000000000,0.95926749,0.96109133,0.93798431,,0.90629069,0.91445817,11/15/2020,12/31/2011,A4_00061,BP PLC,5010,LON,1,4295894740,BPORD,,79805,GB0007980591
12434,2010,40000000000,0.90425463,0.60907706,0.89291893,,0.8819919,0.88069663,11/15/2020,12/31/2010,A4_00061,BP PLC,5010,LON,1,4295894740,BPORD,,79805,GB0007980591
12434,2013,40000000000,0.95024284,0.87197,0.93474099,,0.85959638,0.92603383,11/15/2020,12/31/2013,A4_00061,BP PLC,5010,LON,1,4295894740,BPORD,,79805,GB0007980591
12434,2012,40000000000,0.94652718,0.93057255,0.91510109,,0.89729364,0.84061152,11/15/2020,12/31/2012,A4_00061,BP PLC,5010,LON,1,4295894740,BPORD,,79805,GB0007980591
12434,2007,40000000000,0.94792555,0.80221391,0.93658616,,0.85272686,0.94293362,11/15/2020,12/31/2007,A4_00061,BP PLC,5010,LON,1,4295894740,BPORD,,79805,GB0007980591
12434,2005,40000000000,0.98273266,0.98772095,0.97163146,,0.92328691,0.98451944,11/15/2020,12/31/2005,A4_00061,BP PLC,5010,LON,1,4295894740,BPORD,,79805,GB0007980591
12434,2004,40000000000,0.97477213,0.94904818,0.84121208,,0.96327109,0.97470278,11/15/2020,12/31/2004,A4_00061,BP PLC,5010,LON,1,4295894740,BPORD,,79805,GB0007980591
12434,2008,40000000000,0.96587409,0.95324375,0.92808133,,0.91552052,0.89013846,11/15/2020,12/31/2008,A4_00061,BP PLC,5010,LON,1,4295894740,BPORD,,79805,GB0007980591
12434,2002,40000000000,0.94921685,0.94370809,0.79816208,,0.67749968,0.97499372,11/8/2020,12/31/2002,A4_00061,BP PLC,5010,LON,1,4295894740,BPORD,,79805,GB0007980591
12434,2003,40000000000,0.94778122,0.85248833,0.78333113,,0.79821154,0.94521122,11/8/2020,12/31/2003,A4_00061,BP PLC,5010,LON,1,4295894740,BPORD,,79805,GB0007980591
12434,2006,40000000000,0.97956239,0.96834344,0.96687949,,0.92434478,0.98814088,11/15/2020,12/31/2006,A4_00061,BP PLC,5010,LON,1,4295894740,BPORD,,79805,GB0007980591
16424,2008,40000000000,0.7988477,0.86324296,0.9248797,,0.17656431,0.81290088,11/15/2020,3/31/2008,A4_00195,Toyota Motor Corp,5310,TYO,1,4295876746,TOYOT,,690064,JP3633400001
16424,2007,40000000000,0.69846274,0.60497097,0.93631445,,0.11687298,0.84030657,11/15/2020,3/31/2007,A4_00195,Toyota Motor Corp,5310,TYO,1,4295876746,TOYOT,,690064,JP3633400001
16424,2006,40000000000,0.8724909,0.91376789,0.96598159,,0.21120046,0.92890653,11/15/2020,3/31/2006,A4_00195,Toyota Motor Corp,5310,TYO,1,4295876746,TOYOT,,690064,JP3633400001
16424,2005,40000000000,0.9014164,0.92783653,0.97148897,,0.28048077,0.94853478,11/15/2020,3/31/2005,A4_00195,Toyota Motor Corp,5310,TYO,1,4295876746,TOYOT,,690064,JP3633400001
16424,2009,40000000000,0.72071483,0.56511456,0.93298176,,0.11793359,0.93651188,11/15/2020,3/31/2009,A4_00195,Toyota Motor Corp,5310,TYO,1,4295876746,TOYOT,,690064,JP3633400001
16424,2004,40000000000,0.91307598,0.91651546,0.97319861,,0.3893827,0.91312877,11/15/2020,3/31/2004,A4_00195,Toyota Motor Corp,5310,TYO,1,4295876746,TOYOT,,690064,JP3633400001
16424,2002,40000000000,0.74582821,0.69405094,0.96989882,,0.11079272,0.76963965,11/8/2020,3/31/2002,A4_00195,Toyota Motor Corp,5310,TYO,1,4295876746,TOYOT,,690064,JP3633400001
16424,2003,40000000000,0.68825261,0.70079646,0.9347741,,0.08272539,0.68300909,11/8/2020,3/31/2003,A4_00195,Toyota Motor Corp,5310,TYO,1,4295876746,TOYOT,,690064,JP3633400001
16424,2010,40000000000,0.66771364,0.55696231,0.94551036,,0.11067445,0.80517242,11/15/2020,3/31/2010,A4_00195,Toyota Motor Corp,5310,TYO,1,4295876746,TOYOT,,690064,JP3633400001
16424,2019,40000000000,0.42259265,0.16524398,0.90704159,,0.0806649,0.68468557,11/15/2020,3/31/2019,A4_00195,Toyota Motor Corp,5310,TYO,1,4295876746,TOYOT,,690064,JP3633400001
16424,2016,40000000000,0.8166607,0.93899678,0.95264148,,0.08332861,0.93264179,11/15/2020,3/31/2016,A4_00195,Toyota Motor Corp,5310,TYO,1,4295876746,TOYOT,,690064,JP3633400001
16424,2015,40000000000,0.78592736,0.94280736,0.94282803,,0.11310371,0.8057787,11/15/2020,3/31/2015,A4_00195,Toyota Motor Corp,5310,TYO,1,4295876746,TOYOT,,690064,JP3633400001
16424,2017,40000000000,0.78894357,0.88306609,0.95360318,,0.08705028,0.88373548,11/15/2020,3/31/2017,A4_00195,Toyota Motor Corp,5310,TYO,1,4295876746,TOYOT,,690064,JP3633400001
16424,2014,40000000000,0.81559956,0.96549415,0.9372164,,0.09746971,0.87893955,11/15/2020,3/31/2014,A4_00195,Toyota Motor Corp,5310,TYO,1,4295876746,TOYOT,,690064,JP3633400001
16424,2018,40000000000,0.80724236,0.7969104,0.94919842,,0.1274747,0.91876495,11/15/2020,3/31/2018,A4_00195,Toyota Motor Corp,5310,TYO,1,4295876746,TOYOT,,690064,JP3633400001
16424,2013,40000000000,0.80842324,0.96551129,0.93372129,,0.08887029,0.85801565,11/15/2020,3/31/2013,A4_00195,Toyota Motor Corp,5310,TYO,1,4295876746,TOYOT,,690064,JP3633400001
16424,2012,40000000000,0.78371799,0.94791316,0.93876981,,0.09303465,0.79494351,11/15/2020,3/31/2012,A4_00195,Toyota Motor Corp,5310,TYO,1,4295876746,TOYOT,,690064,JP3633400001
16424,2020,40000000000,0.42813878,0.15486002,,,0.09584409,0.68567393,11/15/2020,,A4_00195,Toyota Motor Corp,5310,TYO,1,4295876746,TOYOT,,690064,JP3633400001
16424,2011,40000000000,0.64285954,0.48880585,0.92559613,,0.11382054,0.83365669,11/15/2020,3/31/2011,A4_00195,Toyota Motor Corp,5310,TYO,1,4295876746,TOYOT,,690064,JP3633400001
16597,2020,40000000000,0.9076018,0.41829217,,,0.91963963,0.85464519,11/15/2020,,A4_00357,Ford Motor Company,5310,NYSE,1,4295903068,F,34537086,261546,US3453708600
16597,2019,40000000000,0.8960754,0.40412636,0.91958258,,0.86570056,0.86506138,11/15/2020,12/31/2019,A4_00357,Ford Motor Company,5310,NYSE,1,4295903068,F,34537086,261546,US3453708600
16597,2017,40000000000,0.93584043,0.86637314,0.92869671,,0.86149308,0.8906682,11/15/2020,12/31/2017,A4_00357,Ford Motor Company,5310,NYSE,1,4295903068,F,34537086,261546,US3453708600
16597,2016,40000000000,0.94907942,0.94799971,0.94565786,,0.85125379,0.91219059,11/15/2020,12/31/2016,A4_00357,Ford Motor Company,5310,NYSE,1,4295903068,F,34537086,261546,US3453708600
16597,2015,40000000000,0.95209644,0.91797907,0.94386725,,0.93049235,0.89920797,11/15/2020,12/31/2015,A4_00357,Ford Motor Company,5310,NYSE,1,4295903068,F,34537086,261546,US3453708600
16597,2014,40000000000,0.90005827,0.69882519,0.93459905,,0.77436007,0.8424425,11/15/2020,12/31/2014,A4_00357,Ford Motor Company,5310,NYSE,1,4295903068,F,34537086,261546,US3453708600
16597,2013,40000000000,0.92726381,0.91800239,0.93370749,,0.77590038,0.78036726,11/15/2020,12/31/2013,A4_00357,Ford Motor Company,5310,NYSE,1,4295903068,F,34537086,261546,US3453708600
16597,2012,40000000000,0.93358097,0.90226426,0.9226689,,0.77038651,0.88160686,11/15/2020,12/31/2012,A4_00357,Ford Motor Company,5310,NYSE,1,4295903068,F,34537086,261546,US3453708600
16597,2011,40000000000,0.92119446,0.81627999,0.94504097,,0.81726036,0.81649689,11/15/2020,12/31/2011,A4_00357,Ford Motor Company,5310,NYSE,1,4295903068,F,34537086,261546,US3453708600
16597,2018,40000000000,0.92592547,0.68076186,0.92539395,,0.86732285,0.84950623,11/15/2020,12/31/2018,A4_00357,Ford Motor Company,5310,NYSE,1,4295903068,F,34537086,261546,US3453708600
16597,2009,40000000000,0.95266038,0.94631665,0.94483021,,0.85897315,0.83167588,11/15/2020,12/31/2009,A4_00357,Ford Motor Company,5310,NYSE,1,4295903068,F,34537086,261546,US3453708600
16597,2008,40000000000,0.9552054,0.88432082,0.93023279,,0.935894,0.82051576,11/15/2020,12/31/2008,A4_00357,Ford Motor Company,5310,NYSE,1,4295903068,F,34537086,261546,US3453708600
16597,2010,40000000000,0.94426772,0.90552892,0.93532467,,0.86726655,0.83345322,11/15/2020,12/31/2010,A4_00357,Ford Motor Company,5310,NYSE,1,4295903068,F,34537086,261546,US3453708600
16597,2007,40000000000,0.95465179,0.86271304,0.94162486,,0.86360489,0.92902113,11/15/2020,12/31/2007,A4_00357,Ford Motor Company,5310,NYSE,1,4295903068,F,34537086,261546,US3453708600
16597,2006,40000000000,0.97609993,0.93087943,0.96755046,,0.92786415,0.96146113,11/15/2020,12/31/2006,A4_00357,Ford Motor Company,5310,NYSE,1,4295903068,F,34537086,261546,US3453708600
16597,2005,40000000000,0.966433,0.78873619,0.96969767,,0.90199969,0.95301696,11/15/2020,12/31/2005,A4_00357,Ford Motor Company,5310,NYSE,1,4295903068,F,34537086,261546,US3453708600
18198,2020,40000000000,0.95956792,0.94442641,,,0.73131806,0.83454789,11/15/2020,,A4_00164,Boeing Co,5210,NYSE,1,4295903076,BA,9702310,210860,US0970231058
18198,2018,40000000000,0.87715686,0.71263663,0.94605386,,0.68709585,0.71550573,11/15/2020,12/31/2018,A4_00164,Boeing Co,5210,NYSE,1,4295903076,BA,9702310,210860,US0970231058
18198,2017,40000000000,0.94975419,0.92444691,0.95420596,,0.93005249,0.86392785,11/15/2020,12/31/2017,A4_00164,Boeing Co,5210,NYSE,1,4295903076,BA,9702310,210860,US0970231058
18198,2016,40000000000,0.94706218,0.85137526,0.95325334,,0.96232525,0.87074813,11/15/2020,12/31/2016,A4_00164,Boeing Co,5210,NYSE,1,4295903076,BA,9702310,210860,US0970231058
18198,2012,40000000000,0.91355319,0.66492315,0.92811561,,0.92434989,0.82260433,11/15/2020,12/31/2012,A4_00164,Boeing Co,5210,NYSE,1,4295903076,BA,9702310,210860,US0970231058
18198,2011,40000000000,0.94757952,0.85838299,0.93977715,,0.90220328,0.90062903,11/15/2020,12/31/2011,A4_00164,Boeing Co,5210,NYSE,1,4295903076,BA,9702310,210860,US0970231058
18198,2014,40000000000,0.92586171,0.77408268,0.9473494,,0.95814798,0.72925667,11/15/2020,12/31/2014,A4_00164,Boeing Co,5210,NYSE,1,4295903076,BA,9702310,210860,US0970231058
18198,2010,40000000000,0.92581188,0.61009078,0.93507945,,0.94300288,0.91144209,11/15/2020,12/31/2010,A4_00164,Boeing Co,5210,NYSE,1,4295903076,BA,9702310,210860,US0970231058
18198,2013,40000000000,0.94718207,0.85761422,0.94563675,,0.89548155,0.86560416,11/15/2020,12/31/2013,A4_00164,Boeing Co,5210,NYSE,1,4295903076,BA,9702310,210860,US0970231058
18198,2009,40000000000,0.89695148,0.69235276,0.93209691,,0.77425038,0.79759825,11/15/2020,12/31/2009,A4_00164,Boeing Co,5210,NYSE,1,4295903076,BA,9702310,210860,US0970231058
18198,2008,40000000000,0.88938072,0.53590065,0.9236018,,0.93552651,0.73838197,11/15/2020,12/31/2008,A4_00164,Boeing Co,5210,NYSE,1,4295903076,BA,9702310,210860,US0970231058
18198,2019,40000000000,0.95086744,0.94415996,,,0.655677,0.83369996,11/15/2020,,A4_00164,Boeing Co,5210,NYSE,1,4295903076,BA,9702310,210860,US0970231058
18198,2007,40000000000,0.83499215,0.8727541,0.90985847,,0.73879544,0.40276691,11/15/2020,12/31/2007,A4_00164,Boeing Co,5210,NYSE,1,4295903076,BA,9702310,210860,US0970231058
18198,2006,40000000000,0.84495376,0.45336089,0.93195934,,0.86425415,0.65776142,11/15/2020,12/31/2006,A4_00164,Boeing Co,5210,NYSE,1,4295903076,BA,9702310,210860,US0970231058
18198,2004,40000000000,0.97092116,0.92878515,0.92128062,,0.94538505,0.87742133,11/15/2020,12/31/2004,A4_00164,Boeing Co,5210,NYSE,1,4295903076,BA,9702310,210860,US0970231058
18198,2002,40000000000,0.96852239,0.78561567,0.91628567,,0.94706786,0.93892705,11/8/2020,12/31/2002,A4_00164,Boeing Co,5210,NYSE,1,4295903076,BA,9702310,210860,US0970231058
18198,2003,40000000000,0.96061226,0.67315348,0.9353479,,0.95381544,0.93271363,11/8/2020,12/31/2003,A4_00164,Boeing Co,5210,NYSE,1,4295903076,BA,9702310,210860,US0970231058
18198,2015,40000000000,0.9131242,0.56809442,0.95055316,,0.94391727,0.91885076,11/15/2020,12/31/2015,A4_00164,Boeing Co,5210,NYSE,1,4295903076,BA,9702310,210860,US0970231058
18198,2005,40000000000,0.96145217,0.84034855,0.9556125,,0.88912497,0.87189926,11/15/2020,12/31/2005,A4_00164,Boeing Co,5210,NYSE,1,4295903076,BA,9702310,210860,US0970231058
18243,2019,40000000000,0.65180161,0.09192814,0.90116771,,0.476681,0.85756046,11/15/2020,12/31/2019,A4_00108,Pfizer Inc.,5620,NYSE,1,4295904722,PFE,71708110,268470,US7170811035
18243,2020,40000000000,0.63740553,0.06968329,,,0.49395191,0.83255105,11/15/2020,,A4_00108,Pfizer Inc.,5620,NYSE,1,4295904722,PFE,71708110,268470,US7170811035
18243,2017,40000000000,0.88771967,0.73046554,0.90889225,,0.68328858,0.90902333,11/15/2020,12/31/2017,A4_00108,Pfizer Inc.,5620,NYSE,1,4295904722,PFE,71708110,268470,US7170811035
18243,2016,40000000000,0.86918267,0.69157579,0.86680994,,0.74204631,0.83186054,11/15/2020,12/31/2016,A4_00108,Pfizer Inc.,5620,NYSE,1,4295904722,PFE,71708110,268470,US7170811035
18243,2015,40000000000,0.83900433,0.48596278,0.88252668,,0.75086309,0.88631476,11/15/2020,12/31/2015,A4_00108,Pfizer Inc.,5620,NYSE,1,4295904722,PFE,71708110,268470,US7170811035
18243,2013,40000000000,0.80813432,0.57154955,0.81544133,,0.69200172,0.76610659,11/15/2020,12/31/2013,A4_00108,Pfizer Inc.,5620,NYSE,1,4295904722,PFE,71708110,268470,US7170811035
18243,2012,40000000000,0.77117512,0.53473359,0.86214004,,0.67804635,0.65858531,11/15/2020,12/31/2012,A4_00108,Pfizer Inc.,5620,NYSE,1,4295904722,PFE,71708110,268470,US7170811035
18243,2011,40000000000,0.78321018,0.47246266,0.86885033,,0.70407722,0.72794546,11/15/2020,12/31/2011,A4_00108,Pfizer Inc.,5620,NYSE,1,4295904722,PFE,71708110,268470,US7170811035
18243,2010,40000000000,0.86864537,0.69101047,0.87109408,,0.8052156,0.7167849,11/15/2020,12/31/2010,A4_00108,Pfizer Inc.,5620,NYSE,1,4295904722,PFE,71708110,268470,US7170811035
18243,2014,40000000000,0.72357076,0.35651073,0.84493549,,0.6469162,0.7351212,11/15/2020,12/31/2014,A4_00108,Pfizer Inc.,5620,NYSE,1,4295904722,PFE,71708110,268470,US7170811035
18243,2009,40000000000,0.82974808,0.30856078,0.86725845,,0.88351732,0.84208976,11/15/2020,12/31/2009,A4_00108,Pfizer Inc.,5620,NYSE,1,4295904722,PFE,71708110,268470,US7170811035
18243,2018,40000000000,0.85728939,0.725041,0.93933168,,0.49289065,0.81899909,11/15/2020,12/31/2018,A4_00108,Pfizer Inc.,5620,NYSE,1,4295904722,PFE,71708110,268470,US7170811035
18243,2008,40000000000,0.91859233,0.55954635,0.91758528,,0.87676351,0.93857155,11/15/2020,12/31/2008,A4_00108,Pfizer Inc.,5620,NYSE,1,4295904722,PFE,71708110,268470,US7170811035
18243,2007,40000000000,0.82056908,0.38264147,0.91982083,,0.86057349,0.70812785,11/15/2020,12/31/2007,A4_00108,Pfizer Inc.,5620,NYSE,1,4295904722,PFE,71708110,268470,US7170811035
18243,2006,40000000000,0.94630575,0.88255586,0.95832808,,0.78079483,0.82901935,11/15/2020,12/31/2006,A4_00108,Pfizer Inc.,5620,NYSE,1,4295904722,PFE,71708110,268470,US7170811035
18243,2005,40000000000,0.952069,0.85145527,0.9624159,,0.94603492,0.70515351,11/15/2020,12/31/2005,A4_00108,Pfizer Inc.,5620,NYSE,1,4295904722,PFE,71708110,268470,US7170811035
18243,2003,40000000000,0.92232256,0.7398155,0.90767266,,0.80618445,0.75045899,11/8/2020,12/31/2003,A4_00108,Pfizer Inc.,5620,NYSE,1,4295904722,PFE,71708110,268470,US7170811035
18243,2002,40000000000,0.9378044,0.81597809,0.96183807,,0.83303914,0.69579443,11/8/2020,12/31/2002,A4_00108,Pfizer Inc.,5620,NYSE,1,4295904722,PFE,71708110,268470,US7170811035
18243,2004,40000000000,0.86530884,0.53648473,0.96813305,,0.76410898,0.69380853,11/15/2020,12/31/2004,A4_00108,Pfizer Inc.,5620,NYSE,1,4295904722,PFE,71708110,268470,US7170811035
18426,2020,40000000000,0.83264279,0.14257928,,,0.89453551,0.83497304,11/15/2020,,A4_00103,Nokia Oyj,5710,HEL,1,4295866480,NOKIA,,590294,FI0009000681
18426,2019,40000000000,0.83473248,0.17302568,0.93528088,,0.89365305,0.8128987,11/15/2020,12/31/2019,A4_00103,Nokia Oyj,5710,HEL,1,4295866480,NOKIA,,590294,FI0009000681
18426,2018,40000000000,0.92007334,0.60756079,0.94510151,,0.84926791,0.88386174,11/15/2020,12/31/2018,A4_00103,Nokia Oyj,5710,HEL,1,4295866480,NOKIA,,590294,FI0009000681
18426,2016,40000000000,0.94743908,0.84885214,0.94986199,,0.90289104,0.93967637,11/15/2020,12/31/2016,A4_00103,Nokia Oyj,5710,HEL,1,4295866480,NOKIA,,590294,FI0009000681
18426,2015,40000000000,0.95547965,0.89463741,0.9480066,,0.94592252,0.93848541,11/15/2020,12/31/2015,A4_00103,Nokia Oyj,5710,HEL,1,4295866480,NOKIA,,590294,FI0009000681
18426,2014,40000000000,0.94964193,0.84002347,0.94592817,,0.94168677,0.87078568,11/15/2020,12/31/2014,A4_00103,Nokia Oyj,5710,HEL,1,4295866480,NOKIA,,590294,FI0009000681
18426,2011,40000000000,0.95883519,0.83659251,0.94551217,,0.96090747,0.97195535,11/15/2020,12/31/2011,A4_00103,Nokia Oyj,5710,HEL,1,4295866480,NOKIA,,590294,FI0009000681
18426,2012,40000000000,0.92531636,0.58477108,0.94206013,,0.96256936,0.92765,11/15/2020,12/31/2012,A4_00103,Nokia Oyj,5710,HEL,1,4295866480,NOKIA,,590294,FI0009000681
18426,2010,40000000000,0.94546198,0.77521099,0.9493869,,0.95852094,0.8688479,11/15/2020,12/31/2010,A4_00103,Nokia Oyj,5710,HEL,1,4295866480,NOKIA,,590294,FI0009000681
18426,2017,40000000000,0.95040275,0.8690511,0.95064351,,0.91625585,0.94317005,11/15/2020,12/31/2017,A4_00103,Nokia Oyj,5710,HEL,1,4295866480,NOKIA,,590294,FI0009000681
18426,2009,40000000000,0.9678333,0.96248811,0.94354961,,0.91877126,0.92626081,11/15/2020,12/31/2009,A4_00103,Nokia Oyj,5710,HEL,1,4295866480,NOKIA,,590294,FI0009000681
18426,2008,40000000000,0.96298863,0.82840403,0.9403544,,0.96247002,0.92174627,11/15/2020,12/31/2008,A4_00103,Nokia Oyj,5710,HEL,1,4295866480,NOKIA,,590294,FI0009000681
18426,2007,40000000000,0.9705376,0.94471349,0.94899722,,0.92679511,0.96115993,11/15/2020,12/31/2007,A4_00103,Nokia Oyj,5710,HEL,1,4295866480,NOKIA,,590294,FI0009000681
18426,2006,40000000000,0.97810194,0.97840158,0.96117036,,0.89876121,0.98311499,11/15/2020,12/31/2006,A4_00103,Nokia Oyj,5710,HEL,1,4295866480,NOKIA,,590294,FI0009000681
18426,2005,40000000000,0.97838318,0.95299843,0.95964858,,0.92781523,0.94392488,11/15/2020,12/31/2005,A4_00103,Nokia Oyj,5710,HEL,1,4295866480,NOKIA,,590294,FI0009000681
18426,2004,40000000000,0.97986749,0.97900987,0.97183649,,0.9316411,0.93111042,11/15/2020,12/31/2004,A4_00103,Nokia Oyj,5710,HEL,1,4295866480,NOKIA,,590294,FI0009000681
18426,2013,40000000000,0.93195688,0.73765115,0.94323216,,0.87576509,0.88484502,11/15/2020,12/31/2013,A4_00103,Nokia Oyj,5710,HEL,1,4295866480,NOKIA,,590294,FI0009000681
18426,2003,40000000000,0.97710205,0.98486926,0.96728838,,0.84413265,0.90544028,11/8/2020,12/31/2003,A4_00103,Nokia Oyj,5710,HEL,1,4295866480,NOKIA,,590294,FI0009000681
18426,2002,40000000000,0.98119137,0.98106425,0.96933892,,0.93215285,0.89651507,11/8/2020,12/31/2002,A4_00103,Nokia Oyj,5710,HEL,1,4295866480,NOKIA,,590294,FI0009000681
19775,2020,40000000000,0.94345803,0.81165174,,,0.807108,0.75807473,11/15/2020,,A4_00503,Apple Inc,5710,NASD,1,4295905573,AAPL,3783310,204625,US0378331005
19775,2019,40000000000,0.94569488,0.82445258,,,0.81371482,0.75610359,11/15/2020,,A4_00503,Apple Inc,5710,NASD,1,4295905573,AAPL,3783310,204625,US0378331005
19775,2018,40000000000,0.81337862,0.41211814,0.94294536,,0.80637669,0.65167836,11/15/2020,9/29/2018,A4_00503,Apple Inc,5710,NASD,1,4295905573,AAPL,3783310,204625,US0378331005
19775,2016,40000000000,0.87444742,0.64764636,0.94091623,,0.93314178,0.63627725,11/15/2020,9/24/2016,A4_00503,Apple Inc,5710,NASD,1,4295905573,AAPL,3783310,204625,US0378331005
19775,2015,40000000000,0.84590898,0.53868271,0.9338551,,0.93222502,0.63002992,11/15/2020,9/26/2015,A4_00503,Apple Inc,5710,NASD,1,4295905573,AAPL,3783310,204625,US0378331005
19775,2014,40000000000,0.68627671,0.31115632,0.91390802,,0.90594353,0.34772027,11/15/2020,9/27/2014,A4_00503,Apple Inc,5710,NASD,1,4295905573,AAPL,3783310,204625,US0378331005
19775,2017,40000000000,0.8704885,0.51040461,0.92744654,,0.93706822,0.76836217,11/15/2020,9/30/2017,A4_00503,Apple Inc,5710,NASD,1,4295905573,AAPL,3783310,204625,US0378331005
19775,2013,40000000000,0.78281503,0.53295443,0.89988672,,0.93592399,0.39035652,11/15/2020,9/28/2013,A4_00503,Apple Inc,5710,NASD,1,4295905573,AAPL,3783310,204625,US0378331005
19775,2012,40000000000,0.8331919,0.69554813,0.91473262,,0.8799384,0.46244894,11/15/2020,9/29/2012,A4_00503,Apple Inc,5710,NASD,1,4295905573,AAPL,3783310,204625,US0378331005
19775,2011,40000000000,0.58067123,0.14607649,0.91376413,,0.78471584,0.35696892,11/15/2020,9/24/2011,A4_00503,Apple Inc,5710,NASD,1,4295905573,AAPL,3783310,204625,US0378331005
19775,2010,40000000000,0.7216705,0.48761855,0.91989937,,0.7599091,0.40046364,11/15/2020,9/25/2010,A4_00503,Apple Inc,5710,NASD,1,4295905573,AAPL,3783310,204625,US0378331005
19775,2009,40000000000,0.77725354,0.61059523,0.92167305,,0.75473704,0.43418196,11/15/2020,9/26/2009,A4_00503,Apple Inc,5710,NASD,1,4295905573,AAPL,3783310,204625,US0378331005
19775,2008,40000000000,0.68134393,0.182789,0.89676079,,0.8868723,0.47349382,11/15/2020,9/27/2008,A4_00503,Apple Inc,5710,NASD,1,4295905573,AAPL,3783310,204625,US0378331005
19775,2007,40000000000,0.8227343,0.73319709,0.91859726,,0.84769802,0.37945206,11/15/2020,9/29/2007,A4_00503,Apple Inc,5710,NASD,1,4295905573,AAPL,3783310,204625,US0378331005
19775,2006,40000000000,0.85625477,0.72186114,0.94548654,,0.8628898,0.42149311,11/15/2020,9/30/2006,A4_00503,Apple Inc,5710,NASD,1,4295905573,AAPL,3783310,204625,US0378331005
19775,2005,40000000000,0.94129966,0.84434244,0.95605976,,0.94802332,0.6274526,11/15/2020,9/24/2005,A4_00503,Apple Inc,5710,NASD,1,4295905573,AAPL,3783310,204625,US0378331005
19837,2020,40000000000,0.28789164,0.30169545,0.56351409,,0.14956334,0.51799144,11/15/2020,3/31/2020,A4_05173,Alibaba Pictures Group Ltd,5330,HKG,1,4295871071,SALLI,,BPYM74,BMG0171W1055
19837,2019,40000000000,0.32840883,0.38579828,0.60547518,,0.21255631,0.42549271,11/15/2020,3/31/2019,A4_05173,Alibaba Pictures Group Ltd,5330,HKG,1,4295871071,SALLI,,BPYM74,BMG0171W1055
19837,2018,40000000000,0.17466137,0.15141527,0.40140241,,0.30150378,0.2830648,11/15/2020,3/31/2018,A4_05173,Alibaba Pictures Group Ltd,5330,HKG,1,4295871071,SALLI,,BPYM74,BMG0171W1055
19837,2017,40000000000,0.14950781,0.10842235,,,0.17494975,0.2477844,11/15/2020,,A4_05173,Alibaba Pictures Group Ltd,5330,HKG,1,4295871071,SALLI,,BPYM74,BMG0171W1055
19837,2016,40000000000,0.14889801,0.05747388,0.41836722,,0.15536968,0.2895342,11/15/2020,12/31/2016,A4_05173,Alibaba Pictures Group Ltd,5330,HKG,1,4295871071,SALLI,,BPYM74,BMG0171W1055
19837,2015,40000000000,0.09150591,0.07985926,0.28167528,,0.19323471,0.09210577,11/15/2020,12/31/2015,A4_05173,Alibaba Pictures Group Ltd,5330,HKG,1,4295871071,SALLI,,BPYM74,BMG0171W1055
19837,2014,40000000000,0.03229932,0.02011352,0.10003109,,0.05562241,0.04302257,11/15/2020,12/31/2014,A4_05173,Alibaba Pictures Group Ltd,5330,HKG,1,4295871071,SALLI,,BPYM74,BMG0171W1055
27445,2020,40000000000,0.81654723,0.17088008,,,0.86987661,0.77578433,11/15/2020,,A4_00401,CVS Health Corp,5610,NYSE,1,4295903627,CVS,12665010,257760,US1266501006
27445,2018,40000000000,0.92344219,0.74438258,0.95462109,,0.82323033,0.78470507,11/15/2020,12/31/2018,A4_00401,CVS Health Corp,5610,NYSE,1,4295903627,CVS,12665010,257760,US1266501006
27445,2017,40000000000,0.94878184,0.90115763,0.9411707,,0.94308897,0.87761377,11/15/2020,12/31/2017,A4_00401,CVS Health Corp,5610,NYSE,1,4295903627,CVS,12665010,257760,US1266501006
27445,2016,40000000000,0.93529805,0.85705344,0.93934093,,0.91569084,0.822838,11/15/2020,12/31/2016,A4_00401,CVS Health Corp,5610,NYSE,1,4295903627,CVS,12665010,257760,US1266501006
27445,2014,40000000000,0.88097187,0.50032359,0.91015853,,0.92485827,0.81607172,11/15/2020,12/31/2014,A4_00401,CVS Health Corp,5610,NYSE,1,4295903627,CVS,12665010,257760,US1266501006
27445,2013,40000000000,0.91671837,0.66519008,0.90478502,,0.94836392,0.81995607,11/15/2020,12/31/2013,A4_00401,CVS Health Corp,5610,NYSE,1,4295903627,CVS,12665010,257760,US1266501006
27445,2012,40000000000,0.94376389,0.91859317,0.88771808,,0.93601446,0.81690878,11/15/2020,12/31/2012,A4_00401,CVS Health Corp,5610,NYSE,1,4295903627,CVS,12665010,257760,US1266501006
27445,2015,40000000000,0.92783823,0.74454583,0.93100305,,0.91621321,0.89086666,11/15/2020,12/31/2015,A4_00401,CVS Health Corp,5610,NYSE,1,4295903627,CVS,12665010,257760,US1266501006
27445,2011,40000000000,0.95985562,0.93088116,0.93819936,,0.96108808,0.89633135,11/15/2020,12/31/2011,A4_00401,CVS Health Corp,5610,NYSE,1,4295903627,CVS,12665010,257760,US1266501006
27445,2010,40000000000,0.81171412,0.46011324,0.87806085,,0.82730541,0.68992734,11/15/2020,12/31/2010,A4_00401,CVS Health Corp,5610,NYSE,1,4295903627,CVS,12665010,257760,US1266501006
27445,2009,40000000000,0.96542123,0.96078957,0.93487866,,0.92856799,0.89606433,11/15/2020,12/31/2009,A4_00401,CVS Health Corp,5610,NYSE,1,4295903627,CVS,12665010,257760,US1266501006
27445,2008,40000000000,0.94225927,0.93259741,0.83827485,,0.87116307,0.81496365,11/15/2020,12/31/2008,A4_00401,CVS Health Corp,5610,NYSE,1,4295903627,CVS,12665010,257760,US1266501006
27445,2019,40000000000,0.81958055,0.1500257,0.93817043,,0.83251723,0.84456958,11/15/2020,12/31/2019,A4_00401,CVS Health Corp,5610,NYSE,1,4295903627,CVS,12665010,257760,US1266501006
27445,2007,40000000000,0.90306264,0.9285274,0.70235254,,0.79246849,0.80562101,11/15/2020,12/29/2007,A4_00401,CVS Health Corp,5610,NYSE,1,4295903627,CVS,12665010,257760,US1266501006
27445,2006,40000000000,0.61315597,0.92306561,0.20142626,,0.5801952,0.53832607,11/15/2020,12/30/2006,A4_00401,CVS Health Corp,5610,NYSE,1,4295903627,CVS,12665010,257760,US1266501006
27445,2005,40000000000,0.679009,0.66534446,0.3354855,,0.63721508,0.75091648,11/15/2020,12/31/2005,A4_00401,CVS Health Corp,5610,NYSE,1,4295903627,CVS,12665010,257760,US1266501006
27445,2004,40000000000,0.80029704,0.90287214,0.21636699,,0.78254171,0.8253575,11/15/2020,1/1/2005,A4_00401,CVS Health Corp,5610,NYSE,1,4295903627,CVS,12665010,257760,US1266501006
27445,2003,40000000000,0.5582161,0.65631006,0.19304918,,0.86554556,0.38903651,11/8/2020,1/3/2004,A4_00401,CVS Health Corp,5610,NYSE,1,4295903627,CVS,12665010,257760,US1266501006
27445,2002,40000000000,0.43902279,0.60168428,0.21487168,,0.69737598,0.32071585,11/8/2020,12/28/2002,A4_00401,CVS Health Corp,5610,NYSE,1,4295903627,CVS,12665010,257760,US1266501006
27965,2019,40000000000,0.80993911,0.36052077,0.93933259,,0.56104701,0.87419035,11/15/2020,12/31/2019,A4_00258,Bank of America Corp,5510,NYSE,1,8589934339,BAC,6050510,229567,US0605051046
27965,2018,40000000000,0.91098757,0.83800378,0.95298213,,0.55481693,0.88612582,11/15/2020,12/31/2018,A4_00258,Bank of America Corp,5510,NYSE,1,8589934339,BAC,6050510,229567,US0605051046
27965,2017,40000000000,0.91980641,0.78263646,0.94108714,,0.76143891,0.94152765,11/15/2020,12/31/2017,A4_00258,Bank of America Corp,5510,NYSE,1,8589934339,BAC,6050510,229567,US0605051046
27965,2015,40000000000,0.90888007,0.77191741,0.92881264,,0.78364589,0.87026364,11/15/2020,12/31/2015,A4_00258,Bank of America Corp,5510,NYSE,1,8589934339,BAC,6050510,229567,US0605051046
27965,2014,40000000000,0.82601333,0.51483562,0.91320901,,0.75210094,0.73752772,11/15/2020,12/31/2014,A4_00258,Bank of America Corp,5510,NYSE,1,8589934339,BAC,6050510,229567,US0605051046
27965,2013,40000000000,0.75304724,0.33060731,0.90704929,,0.80820855,0.61926978,11/15/2020,12/31/2013,A4_00258,Bank of America Corp,5510,NYSE,1,8589934339,BAC,6050510,229567,US0605051046
27965,2016,40000000000,0.91477394,0.84184381,0.93884434,,0.7451748,0.86013447,11/15/2020,12/31/2016,A4_00258,Bank of America Corp,5510,NYSE,1,8589934339,BAC,6050510,229567,US0605051046
27965,2012,40000000000,0.8599617,0.69367985,0.92398028,,0.72371977,0.72206745,11/15/2020,12/31/2012,A4_00258,Bank of America Corp,5510,NYSE,1,8589934339,BAC,6050510,229567,US0605051046
27965,2011,40000000000,0.86497851,0.5772636,0.93098167,,0.83055395,0.75019087,11/15/2020,12/31/2011,A4_00258,Bank of America Corp,5510,NYSE,1,8589934339,BAC,6050510,229567,US0605051046
27965,2010,40000000000,0.74162411,0.27048205,0.80842101,,0.83403983,0.71367844,11/15/2020,12/31/2010,A4_00258,Bank of America Corp,5510,NYSE,1,8589934339,BAC,6050510,229567,US0605051046
27965,2009,40000000000,0.84704425,0.63358149,0.89951032,,0.711379,0.72391603,11/15/2020,12/31/2009,A4_00258,Bank of America Corp,5510,NYSE,1,8589934339,BAC,6050510,229567,US0605051046
27965,2008,40000000000,0.82414028,0.66181387,0.78550464,,0.77335423,0.64339377,11/15/2020,12/31/2008,A4_00258,Bank of America Corp,5510,NYSE,1,8589934339,BAC,6050510,229567,US0605051046
27965,2007,40000000000,0.73339826,0.3918708,0.83453842,,0.66715882,0.7015882,11/15/2020,12/31/2007,A4_00258,Bank of America Corp,5510,NYSE,1,8589934339,BAC,6050510,229567,US0605051046
27965,2006,40000000000,0.88152478,0.79733624,0.69039819,,0.73274187,0.83992454,11/15/2020,12/31/2006,A4_00258,Bank of America Corp,5510,NYSE,1,8589934339,BAC,6050510,229567,US0605051046
27965,2005,40000000000,0.8982412,0.8630286,0.90859077,,0.80198157,0.53853941,11/15/2020,12/31/2005,A4_00258,Bank of America Corp,5510,NYSE,1,8589934339,BAC,6050510,229567,US0605051046
27965,2020,40000000000,0.82424679,0.37068321,,,0.63623016,0.83333273,11/15/2020,,A4_00258,Bank of America Corp,5510,NYSE,1,8589934339,BAC,6050510,229567,US0605051046
27965,2004,40000000000,0.79741717,0.40469409,0.93778801,,0.60611832,0.76932034,11/15/2020,12/31/2004,A4_00258,Bank of America Corp,5510,NYSE,1,8589934339,BAC,6050510,229567,US0605051046
27965,2003,40000000000,0.76598386,0.45947772,0.74544938,,0.88984704,0.50921415,11/8/2020,12/31/2003,A4_00258,Bank of America Corp,5510,NYSE,1,8589934339,BAC,6050510,229567,US0605051046
27965,2002,40000000000,0.93869524,0.6878661,0.96468156,,0.85055472,0.80991609,11/8/2020,12/31/2002,A4_00258,Bank of America Corp,5510,NYSE,1,8589934339,BAC,6050510,229567,US0605051046
45707,2020,40000000000,0.66954354,0.32759721,,,0.40608459,0.70796929,11/15/2020,,A4_00121,Samsung Electronics Co Ltd,5710,SEO,1,4295882451,SAMSU,,677172,KR7005930003
45707,2019,40000000000,0.72273433,0.34777527,0.92659468,,0.48909978,0.73182159,11/15/2020,12/31/2019,A4_00121,Samsung Electronics Co Ltd,5710,SEO,1,4295882451,SAMSU,,677172,KR7005930003
45707,2018,40000000000,0.90849951,0.91963421,0.94432544,,0.4864177,0.86752222,11/15/2020,12/31/2018,A4_00121,Samsung Electronics Co Ltd,5710,SEO,1,4295882451,SAMSU,,677172,KR7005930003
45707,2016,40000000000,0.92074971,0.85528537,0.93956973,,0.70550884,0.92588411,11/15/2020,12/31/2016,A4_00121,Samsung Electronics Co Ltd,5710,SEO,1,4295882451,SAMSU,,677172,KR7005930003
45707,2015,40000000000,0.91222894,0.91125115,0.93595022,,0.59666461,0.93182166,11/15/2020,12/31/2015,A4_00121,Samsung Electronics Co Ltd,5710,SEO,1,4295882451,SAMSU,,677172,KR7005930003
45707,2014,40000000000,0.82769982,0.81025485,0.92937302,,0.30431494,0.8801103,11/15/2020,12/31/2014,A4_00121,Samsung Electronics Co Ltd,5710,SEO,1,4295882451,SAMSU,,677172,KR7005930003
45707,2013,40000000000,0.89966162,0.76671674,0.92826886,,0.76736119,0.77610795,11/15/2020,12/31/2013,A4_00121,Samsung Electronics Co Ltd,5710,SEO,1,4295882451,SAMSU,,677172,KR7005930003
45707,2012,40000000000,0.91786579,0.93184058,0.94080241,,0.61454731,0.88007757,11/15/2020,12/31/2012,A4_00121,Samsung Electronics Co Ltd,5710,SEO,1,4295882451,SAMSU,,677172,KR7005930003
45707,2011,40000000000,0.87697564,0.77344939,0.92218329,,0.59173147,0.85790865,11/15/2020,12/31/2011,A4_00121,Samsung Electronics Co Ltd,5710,SEO,1,4295882451,SAMSU,,677172,KR7005930003
45707,2010,40000000000,0.84534985,0.68926922,0.91359124,,0.41868477,0.9623438,11/15/2020,12/31/2010,A4_00121,Samsung Electronics Co Ltd,5710,SEO,1,4295882451,SAMSU,,677172,KR7005930003
45707,2017,40000000000,0.89812029,0.94081237,0.94107118,,0.46288648,0.94503421,11/15/2020,12/31/2017,A4_00121,Samsung Electronics Co Ltd,5710,SEO,1,4295882451,SAMSU,,677172,KR7005930003
45707,2009,40000000000,0.91623159,0.85489104,0.92749885,,0.58910506,0.93451914,11/15/2020,12/31/2009,A4_00121,Samsung Electronics Co Ltd,5710,SEO,1,4295882451,SAMSU,,677172,KR7005930003
45707,2008,40000000000,0.92370819,0.89393994,0.91718125,,0.53886624,0.97458092,11/15/2020,12/31/2008,A4_00121,Samsung Electronics Co Ltd,5710,SEO,1,4295882451,SAMSU,,677172,KR7005930003
45707,2007,40000000000,0.87702864,0.84702186,0.91310527,,0.47891114,0.85967601,11/15/2020,12/31/2007,A4_00121,Samsung Electronics Co Ltd,5710,SEO,1,4295882451,SAMSU,,677172,KR7005930003
45707,2006,40000000000,0.95029097,0.94842163,0.96275517,,0.60309924,0.97079328,11/15/2020,12/31/2006,A4_00121,Samsung Electronics Co Ltd,5710,SEO,1,4295882451,SAMSU,,677172,KR7005930003
45707,2005,40000000000,0.9342167,0.86308745,0.96473805,,0.59251521,0.90369714,11/15/2020,12/31/2005,A4_00121,Samsung Electronics Co Ltd,5710,SEO,1,4295882451,SAMSU,,677172,KR7005930003
45707,2004,40000000000,0.93635082,0.92635436,0.96985477,,0.61533605,0.82894785,11/15/2020,12/31/2004,A4_00121,Samsung Electronics Co Ltd,5710,SEO,1,4295882451,SAMSU,,677172,KR7005930003
45707,2003,40000000000,0.68578228,0.5584928,0.94018836,,0.2207228,0.67588119,11/8/2020,12/31/2003,A4_00121,Samsung Electronics Co Ltd,5710,SEO,1,4295882451,SAMSU,,677172,KR7005930003
45707,2002,40000000000,0.86351283,0.91117304,0.96765528,,0.41175233,0.63252171,11/8/2020,12/31/2002,A4_00121,Samsung Electronics Co Ltd,5710,SEO,1,4295882451,SAMSU,,677172,KR7005930003
50364,2020,40000000000,0.75745984,0.16939056,,,0.79617418,0.66997385,11/15/2020,,A4_00175,Goldman Sachs Group Inc,5510,NYSE,1,4295911963,GS,38141G10,240796,US38141G1040
50364,2019,40000000000,0.73646698,0.15443595,0.94903667,,0.74905237,0.67748504,11/15/2020,12/31/2019,A4_00175,Goldman Sachs Group Inc,5510,NYSE,1,4295911963,GS,38141G10,240796,US38141G1040
50364,2018,40000000000,0.92786096,0.89970915,0.9581923,,0.71126936,0.76660776,11/15/2020,12/31/2018,A4_00175,Goldman Sachs Group Inc,5510,NYSE,1,4295911963,GS,38141G10,240796,US38141G1040
50364,2017,40000000000,0.90993654,0.78689835,0.94640584,,0.77274489,0.85531206,11/15/2020,12/31/2017,A4_00175,Goldman Sachs Group Inc,5510,NYSE,1,4295911963,GS,38141G10,240796,US38141G1040
50364,2016,40000000000,0.89455407,0.83470059,0.94352683,,0.75595431,0.72953478,11/15/2020,12/31/2016,A4_00175,Goldman Sachs Group Inc,5510,NYSE,1,4295911963,GS,38141G10,240796,US38141G1040
50364,2015,40000000000,0.87923354,0.7058126,0.93635009,,0.8044263,0.74273965,11/15/2020,12/31/2015,A4_00175,Goldman Sachs Group Inc,5510,NYSE,1,4295911963,GS,38141G10,240796,US38141G1040
50364,2014,40000000000,0.77159075,0.50190989,0.916004,,0.73553919,0.5759056,11/15/2020,12/31/2014,A4_00175,Goldman Sachs Group Inc,5510,NYSE,1,4295911963,GS,38141G10,240796,US38141G1040
50364,2013,40000000000,0.82100695,0.6400975,0.91090553,,0.72788875,0.61257967,11/15/2020,12/31/2013,A4_00175,Goldman Sachs Group Inc,5510,NYSE,1,4295911963,GS,38141G10,240796,US38141G1040
50364,2012,40000000000,0.84279248,0.84672526,0.90498328,,0.66056042,0.57867647,11/15/2020,12/31/2012,A4_00175,Goldman Sachs Group Inc,5510,NYSE,1,4295911963,GS,38141G10,240796,US38141G1040
50364,2011,40000000000,0.81982523,0.68671639,0.91609482,,0.67270401,0.6276991,11/15/2020,12/31/2011,A4_00175,Goldman Sachs Group Inc,5510,NYSE,1,4295911963,GS,38141G10,240796,US38141G1040
50364,2010,40000000000,0.68838538,0.26461428,0.92042554,,0.74556003,0.54365781,11/15/2020,12/31/2010,A4_00175,Goldman Sachs Group Inc,5510,NYSE,1,4295911963,GS,38141G10,240796,US38141G1040
50364,2009,40000000000,0.91084632,0.92551682,0.90085187,,0.69474949,0.7525123,11/15/2020,12/31/2009,A4_00175,Goldman Sachs Group Inc,5510,NYSE,1,4295911963,GS,38141G10,240796,US38141G1040
50364,2008,40000000000,0.71048239,0.1933281,0.89313479,,0.66727691,0.76304945,11/15/2020,12/26/2008,A4_00175,Goldman Sachs Group Inc,5510,NYSE,1,4295911963,GS,38141G10,240796,US38141G1040
50364,2007,40000000000,0.88460552,0.93899725,0.88253695,,0.57512754,0.73774106,11/15/2020,11/30/2007,A4_00175,Goldman Sachs Group Inc,5510,NYSE,1,4295911963,GS,38141G10,240796,US38141G1040
50364,2006,40000000000,0.94103742,0.96134667,0.9110257,,0.64129489,0.89456667,11/15/2020,11/24/2006,A4_00175,Goldman Sachs Group Inc,5510,NYSE,1,4295911963,GS,38141G10,240796,US38141G1040
50364,2005,40000000000,0.94612411,0.95969463,0.93046466,,0.67450641,0.84940646,11/15/2020,11/25/2005,A4_00175,Goldman Sachs Group Inc,5510,NYSE,1,4295911963,GS,38141G10,240796,US38141G1040
50364,2004,40000000000,0.84492207,0.95221879,0.18708898,,0.83414805,0.90852485,11/15/2020,11/26/2004,A4_00175,Goldman Sachs Group Inc,5510,NYSE,1,4295911963,GS,38141G10,240796,US38141G1040
50364,2003,40000000000,0.46228076,0.5230857,0.16298033,,0.69509469,0.51461,11/8/2020,11/28/2003,A4_00175,Goldman Sachs Group Inc,5510,NYSE,1,4295911963,GS,38141G10,240796,US38141G1040
50364,2002,40000000000,0.6705777,0.56990018,0.18149296,,0.82336582,0.77808526,11/8/2020,11/29/2002,A4_00175,Goldman Sachs Group Inc,5510,NYSE,1,4295911963,GS,38141G10,240796,US38141G1040
114492,2010,40000000000,0.48290102,0.86158038,0.09131088,,0.71362909,0.28962816,11/15/2020,12/31/2010,A4_00217,"Amazon.com, Inc.",5340,NASD,1,4295905494,AMZN,2313510,200001,US0231351067
114492,2009,40000000000,0.3990131,0.76147003,0.09869238,,0.73334771,0.16228252,11/15/2020,12/31/2009,A4_00217,"Amazon.com, Inc.",5340,NASD,1,4295905494,AMZN,2313510,200001,US0231351067
114492,2008,40000000000,0.45309917,0.89591334,0.15778466,,0.66295492,0.1796562,11/15/2020,12/31/2008,A4_00217,"Amazon.com, Inc.",5340,NASD,1,4295905494,AMZN,2313510,200001,US0231351067
114492,2011,40000000000,0.41335921,0.60973312,0.39072838,,0.60285604,0.1812697,11/15/2020,12/31/2011,A4_00217,"Amazon.com, Inc.",5340,NASD,1,4295905494,AMZN,2313510,200001,US0231351067
114492,2007,40000000000,0.52199747,0.82094499,0.18679252,,0.80130666,0.25366205,11/15/2020,12/31/2007,A4_00217,"Amazon.com, Inc.",5340,NASD,1,4295905494,AMZN,2313510,200001,US0231351067
114492,2006,40000000000,0.35435793,0.70094216,0.16026899,,0.60057338,0.17748562,11/15/2020,12/31/2006,A4_00217,"Amazon.com, Inc.",5340,NASD,1,4295905494,AMZN,2313510,200001,US0231351067
114492,2005,40000000000,0.44796485,0.74103135,0.18229581,,0.79846689,0.13308838,11/15/2020,12/31/2005,A4_00217,"Amazon.com, Inc.",5340,NASD,1,4295905494,AMZN,2313510,200001,US0231351067
114492,2004,40000000000,0.70721614,0.95281475,0.22532604,,0.82233467,0.4592485,11/15/2020,12/31/2004,A4_00217,"Amazon.com, Inc.",5340,NASD,1,4295905494,AMZN,2313510,200001,US0231351067
114492,2003,40000000000,0.45849209,0.53093461,0.17359108,,0.74612762,0.4368783,11/8/2020,12/31/2003,A4_00217,"Amazon.com, Inc.",5340,NASD,1,4295905494,AMZN,2313510,200001,US0231351067
114492,2002,40000000000,0.46621097,0.70054082,0.1896052,,0.61339746,0.39089657,11/8/2020,12/31/2002,A4_00217,"Amazon.com, Inc.",5340,NASD,1,4295905494,AMZN,2313510,200001,US0231351067
114492,2020,40000000000,0.64826789,0.04265824,,,0.96141131,0.39882622,11/15/2020,,A4_00217,"Amazon.com, Inc.",5340,NASD,1,4295905494,AMZN,2313510,200001,US0231351067
114492,2019,40000000000,0.63382992,0.03661984,0.91492627,,0.94839799,0.38709759,11/15/2020,12/31/2019,A4_00217,"Amazon.com, Inc.",5340,NASD,1,4295905494,AMZN,2313510,200001,US0231351067
114492,2018,40000000000,0.95054567,0.89090383,0.85901059,,0.96878158,0.79153008,11/15/2020,12/31/2018,A4_00217,"Amazon.com, Inc.",5340,NASD,1,4295905494,AMZN,2313510,200001,US0231351067
114492,2017,40000000000,0.80402353,0.62432045,0.71454921,,0.88045328,0.64306906,11/15/2020,12/31/2017,A4_00217,"Amazon.com, Inc.",5340,NASD,1,4295905494,AMZN,2313510,200001,US0231351067
114492,2016,40000000000,0.7572338,0.87959236,0.33422955,,0.89816225,0.58580549,11/15/2020,12/31/2016,A4_00217,"Amazon.com, Inc.",5340,NASD,1,4295905494,AMZN,2313510,200001,US0231351067
114492,2015,40000000000,0.63681643,0.62315152,0.44366638,,0.83631099,0.45195465,11/15/2020,12/31/2015,A4_00217,"Amazon.com, Inc.",5340,NASD,1,4295905494,AMZN,2313510,200001,US0231351067
114492,2014,40000000000,0.38367623,0.33865771,0.30665612,,0.79742072,0.27940659,11/15/2020,12/31/2014,A4_00217,"Amazon.com, Inc.",5340,NASD,1,4295905494,AMZN,2313510,200001,US0231351067
114492,2013,40000000000,0.24574178,0.24597896,0.29285227,,0.65567601,0.14970496,11/15/2020,12/31/2013,A4_00217,"Amazon.com, Inc.",5340,NASD,1,4295905494,AMZN,2313510,200001,US0231351067
114492,2012,40000000000,0.29612208,0.24578172,0.29062978,,0.71025654,0.23687614,11/15/2020,12/31/2012,A4_00217,"Amazon.com, Inc.",5340,NASD,1,4295905494,AMZN,2313510,200001,US0231351067
100421204,2020,40000000000,0.5438923,0.03906242,,,0.77213261,0.62529881,11/15/2020,,A4_02296,Tencent Holdings Ltd,5720,HKG,1,4295865078,TENCE,,BMMV2K,KYG875721634
100421204,2019,40000000000,0.56912413,0.02866273,0.66869432,,0.82351808,0.62575263,11/15/2020,12/31/2019,A4_02296,Tencent Holdings Ltd,5720,HKG,1,4295865078,TENCE,,BMMV2K,KYG875721634
100421204,2017,40000000000,0.69813688,0.84168587,0.36086869,,0.63275625,0.67982911,11/15/2020,12/31/2017,A4_02296,Tencent Holdings Ltd,5720,HKG,1,4295865078,TENCE,,BMMV2K,KYG875721634
100421204,2016,40000000000,0.7392603,0.94773378,0.32459392,,0.67589325,0.69195693,11/15/2020,12/31/2016,A4_02296,Tencent Holdings Ltd,5720,HKG,1,4295865078,TENCE,,BMMV2K,KYG875721634
100421204,2015,40000000000,0.44240417,0.83620146,0.10234599,,0.58240341,0.33143437,11/15/2020,12/31/2015,A4_02296,Tencent Holdings Ltd,5720,HKG,1,4295865078,TENCE,,BMMV2K,KYG875721634
100421204,2014,40000000000,0.25049668,0.4759331,0.08578407,,0.55226584,0.24293407,11/15/2020,12/31/2014,A4_02296,Tencent Holdings Ltd,5720,HKG,1,4295865078,TENCE,,BMMV2K,KYG875721634
100421204,2013,40000000000,0.33749572,0.72541626,0.0857736,,0.57390443,0.21774884,11/15/2020,12/31/2013,A4_02296,Tencent Holdings Ltd,5720,HKG,1,4295865078,TENCE,,BMMV2K,KYG875721634
100421204,2012,40000000000,0.14947822,0.11223945,0.08458857,,0.63933972,0.15544597,11/15/2020,12/31/2012,A4_02296,Tencent Holdings Ltd,5720,HKG,1,4295865078,TENCE,,BMMV2K,KYG875721634
100421204,2011,40000000000,0.20204851,0.16180234,0.08772962,,0.72816283,0.19961293,11/15/2020,12/31/2011,A4_02296,Tencent Holdings Ltd,5720,HKG,1,4295865078,TENCE,,BMMV2K,KYG875721634
100421204,2018,40000000000,0.71585716,0.96233013,0.45571132,,0.56526073,0.53635067,11/15/2020,12/31/2018,A4_02296,Tencent Holdings Ltd,5720,HKG,1,4295865078,TENCE,,BMMV2K,KYG875721634
100421204,2010,40000000000,0.12010945,0.21071955,0.12299306,,0.36683772,0.15801953,11/15/2020,12/31/2010,A4_02296,Tencent Holdings Ltd,5720,HKG,1,4295865078,TENCE,,BMMV2K,KYG875721634
100421204,2009,40000000000,0.19328594,0.32694495,0.13387813,,0.49659628,0.22042811,11/15/2020,12/31/2009,A4_02296,Tencent Holdings Ltd,5720,HKG,1,4295865078,TENCE,,BMMV2K,KYG875721634
100421204,2008,40000000000,0.12990635,0.37749932,0.13711707,,0.31354176,0.13738046,11/15/2020,12/31/2008,A4_02296,Tencent Holdings Ltd,5720,HKG,1,4295865078,TENCE,,BMMV2K,KYG875721634
100421204,2007,40000000000,0.06454133,0.20003351,0.1022919,,0.1873876,0.09842638,11/15/2020,12/31/2007,A4_02296,Tencent Holdings Ltd,5720,HKG,1,4295865078,TENCE,,BMMV2K,KYG875721634
100421204,2006,40000000000,0.07258507,0.13980563,0.15218119,,0.21281842,0.14527441,11/15/2020,12/31/2006,A4_02296,Tencent Holdings Ltd,5720,HKG,1,4295865078,TENCE,,BMMV2K,KYG875721634
100421204,2005,40000000000,0.06289392,0.12009192,0.16368574,,0.19225897,0.12362985,11/15/2020,12/31/2005,A4_02296,Tencent Holdings Ltd,5720,HKG,1,4295865078,TENCE,,BMMV2K,KYG875721634
100421204,2004,40000000000,0.05638341,0.13039782,0.17436367,,0.10244014,0.13632919,11/15/2020,12/31/2004,A4_02296,Tencent Holdings Ltd,5720,HKG,1,4295865078,TENCE,,BMMV2K,KYG875721634
103324829,2020,40000000000,0.60330366,0.37211309,,,0.66907051,0.3068841,11/15/2020,,A4_03999,Tesla Inc,5310,NASD,1,4297089638,88160R10,88160R10,B616C7,US88160R1014
103324829,2019,40000000000,0.65041478,0.45928404,0.85519863,,0.68788184,0.32183738,11/15/2020,12/31/2019,A4_03999,Tesla Inc,5310,NASD,1,4297089638,88160R10,88160R10,B616C7,US88160R1014
103324829,2018,40000000000,0.74541142,0.55284377,0.92263327,,0.79221578,0.3341184,11/15/2020,12/31/2018,A4_03999,Tesla Inc,5310,NASD,1,4297089638,88160R10,88160R10,B616C7,US88160R1014
103324829,2017,40000000000,0.45205054,0.31574679,0.5763334,,0.74753595,0.21659817,11/15/2020,12/31/2017,A4_03999,Tesla Inc,5310,NASD,1,4297089638,88160R10,88160R10,B616C7,US88160R1014
103324829,2016,40000000000,0.53224016,0.46460378,0.55849043,,0.87774139,0.16679249,11/15/2020,12/31/2016,A4_03999,Tesla Inc,5310,NASD,1,4297089638,88160R10,88160R10,B616C7,US88160R1014
103324829,2015,40000000000,0.43218706,0.44495426,0.51369967,,0.73276177,0.1346254,11/15/2020,12/31/2015,A4_03999,Tesla Inc,5310,NASD,1,4297089638,88160R10,88160R10,B616C7,US88160R1014
103324829,2014,40000000000,0.28033035,0.32818641,0.44536408,,0.59864516,0.07292352,11/15/2020,12/31/2014,A4_03999,Tesla Inc,5310,NASD,1,4297089638,88160R10,88160R10,B616C7,US88160R1014
103324829,2013,40000000000,0.27198718,0.32580221,0.38833622,,0.64828148,0.05990532,11/15/2020,12/31/2013,A4_03999,Tesla Inc,5310,NASD,1,4297089638,88160R10,88160R10,B616C7,US88160R1014
103324829,2012,40000000000,0.1645028,0.12627666,0.40484202,,0.42655264,0.09511021,11/15/2020,12/31/2012,A4_03999,Tesla Inc,5310,NASD,1,4297089638,88160R10,88160R10,B616C7,US88160R1014
103324829,2011,40000000000,0.20903279,0.07483821,0.34934052,,0.63183528,0.14551394,11/15/2020,12/31/2011,A4_03999,Tesla Inc,5310,NASD,1,4297089638,88160R10,88160R10,B616C7,US88160R1014
103324829,2010,40000000000,0.21868244,0.093917,0.37053159,,0.63997485,0.13998773,11/15/2020,12/31/2010,A4_03999,Tesla Inc,5310,NASD,1,4297089638,88160R10,88160R10,B616C7,US88160R1014
112643663,2020,40000000000,0.93401291,0.72271647,,,0.93450723,0.82119112,11/15/2020,,A4_06191,US Foods Holding Corp,5430,NYSE,1,4298218064,USFD,91200810,BYVFC9,US9120081099
112643663,2019,40000000000,0.89737683,0.51926608,0.78776181,,0.93966293,0.81383911,11/15/2020,12/28/2019,A4_06191,US Foods Holding Corp,5430,NYSE,1,4298218064,USFD,91200810,BYVFC9,US9120081099
112643663,2018,40000000000,0.70804252,0.62943445,0.55126734,,0.74431358,0.57362302,11/15/2020,12/29/2018,A4_06191,US Foods Holding Corp,5430,NYSE,1,4298218064,USFD,91200810,BYVFC9,US9120081099
112643663,2017,40000000000,0.30509146,0.34713015,0.22725652,,0.38401231,0.49667884,11/15/2020,12/30/2017,A4_06191,US Foods Holding Corp,5430,NYSE,1,4298218064,USFD,91200810,BYVFC9,US9120081099
112643663,2016,40000000000,0.29999536,0.39875337,0.23012418,,0.57500593,0.24504472,11/15/2020,12/31/2016,A4_06191,US Foods Holding Corp,5430,NYSE,1,4298218064,USFD,91200810,BYVFC9,US9120081099
112643663,2015,40000000000,0.08391666,0.09109027,0.18321573,,0.14950664,0.17464482,11/15/2020,1/2/2016,A4_06191,US Foods Holding Corp,5430,NYSE,1,4298218064,USFD,91200810,BYVFC9,US9120081099
